{"cameraMode":{"drawMode":0,"name":"Shaded","section":"Shading Mode"},"sceneLighting":true,"audioPlay":false,"sceneViewState":{"showFog":true,"showMaterialUpdate":false,"showSkybox":false,"showFlares":true,"showImageEffects":true,"showParticleSystems":true},"in2DMode":false,"pivot":{"x":0.062242984771728519,"y":0.30964505672454836,"z":0.5685920119285584},"rotation":{"x":-0.027286004275083543,"y":-0.7593851685523987,"z":-0.03191300109028816,"w":0.6492856740951538},"size":3.045234203338623,"orthographic":false}