{"cameraMode":{"drawMode":0,"name":"Shaded","section":"Shading Mode"},"sceneLighting":false,"audioPlay":false,"sceneViewState":{"showFog":true,"showMaterialUpdate":false,"showSkybox":true,"showFlares":true,"showImageEffects":true,"showParticleSystems":true},"in2DMode":false,"pivot":{"x":-0.017982691526412965,"y":0.85743248462677,"z":0.06178581714630127},"rotation":{"x":0.00488291634246707,"y":0.9951013326644898,"z":-0.06653140485286713,"w":0.073037289083004},"size":3.2976865768432619,"orthographic":true}