{"cameraMode":{"drawMode":0,"name":"Shaded","section":"Shading Mode"},"sceneLighting":false,"audioPlay":false,"sceneViewState":{"showFog":true,"showMaterialUpdate":false,"showSkybox":false,"showFlares":true,"showImageEffects":true,"showParticleSystems":true},"in2DMode":false,"pivot":{"x":-0.7470012307167053,"y":-0.09004589170217514,"z":0.10959915816783905},"rotation":{"x":0.05216074362397194,"y":-0.6533761024475098,"z":0.04520604759454727,"w":0.7538851499557495},"size":0.8356463313102722,"orthographic":false}